train/minangkabau/universal-declaration-of-human-rights/human_rights_un_min_sd_0000.mp3,min,3232,manusia sadonyo lahia ka dunia mambao hak hak dan kamardekaan mandasar nan samo dan indak dapek dipisahkan,wav_converted/train/minangkabau/universal-declaration-of-human-rights/human_rights_un_min_sd_0000.wav
train/minangkabau/universal-declaration-of-human-rights/human_rights_un_min_sd_0001.mp3,min,3232,limbago perserikatan bangsa bangsa batekad untuak manjunjuang tinggi,wav_converted/train/minangkabau/universal-declaration-of-human-rights/human_rights_un_min_sd_0001.wav
train/minangkabau/universal-declaration-of-human-rights/human_rights_un_min_sd_0002.mp3,min,3232,manggiatkan dan malinduangi hak hak asasi tiok urang,wav_converted/train/minangkabau/universal-declaration-of-human-rights/human_rights_un_min_sd_0002.wav
train/minangkabau/universal-declaration-of-human-rights/human_rights_un_min_sd_0003.mp3,min,3232,tekad ko bamulo dari piagam perserikatan bangsa bangsa,wav_converted/train/minangkabau/universal-declaration-of-human-rights/human_rights_un_min_sd_0003.wav
train/minangkabau/universal-declaration-of-human-rights/human_rights_un_min_sd_0004.mp3,min,3232,nan mangukuahkan kayakinan umat manusia di dunia taradok hak hak asasi dan martabat nan mandasar sarato nilai manusia sacaro pribadi,wav_converted/train/minangkabau/universal-declaration-of-human-rights/human_rights_un_min_sd_0004.wav
train/minangkabau/universal-declaration-of-human-rights/human_rights_un_min_sd_0005.mp3,min,3232,dalam deklarasi sadunia hak hak asasi manusia,wav_converted/train/minangkabau/universal-declaration-of-human-rights/human_rights_un_min_sd_0005.wav
train/minangkabau/universal-declaration-of-human-rights/human_rights_un_min_sd_0006.mp3,min,3232,perserikatan bangsa bangsa mauraikan sacaro jaleh hak hak nan dimiliki tiok urang,wav_converted/train/minangkabau/universal-declaration-of-human-rights/human_rights_un_min_sd_0006.wav
train/minangkabau/universal-declaration-of-human-rights/human_rights_un_min_sd_0007.mp3,min,3232,hak hak ko adolah milik awak,wav_converted/train/minangkabau/universal-declaration-of-human-rights/human_rights_un_min_sd_0007.wav
train/minangkabau/universal-declaration-of-human-rights/human_rights_un_min_sd_0008.mp3,min,3232,itulah hak hak awak,wav_converted/train/minangkabau/universal-declaration-of-human-rights/human_rights_un_min_sd_0008.wav
train/minangkabau/universal-declaration-of-human-rights/human_rights_un_min_sd_0010.mp3,min,3232,bantulah mawujudkan dan mampatahankannyo untuak diri awak surang atau pun untuak sasamo umat manusia,wav_converted/train/minangkabau/universal-declaration-of-human-rights/human_rights_un_min_sd_0010.wav
train/minangkabau/universal-declaration-of-human-rights/human_rights_un_min_sd_0011.mp3,min,3232,deklarasi sadunia hak hak asasi manusia mukadimah sasungguahnyo pangakuan taradok martabat dasar dan hak hak nan samo sarato mutlak dari tiok anggota kaluarga manusia adolah landasan dari kamardekaan,wav_converted/train/minangkabau/universal-declaration-of-human-rights/human_rights_un_min_sd_0011.wav
train/minangkabau/universal-declaration-of-human-rights/human_rights_un_min_sd_0012.mp3,min,3232,kaadilan dan pardamaian di dunia,wav_converted/train/minangkabau/universal-declaration-of-human-rights/human_rights_un_min_sd_0012.wav
train/minangkabau/universal-declaration-of-human-rights/human_rights_un_min_sd_0013.mp3,min,3232,sasungguahnyo sikap tak paduli dan malecehkan hak hak asasi manusia tabukti mangakibatkan parilaku biadab nan sangat malukoi nurani umat manusia,wav_converted/train/minangkabau/universal-declaration-of-human-rights/human_rights_un_min_sd_0013.wav
train/minangkabau/universal-declaration-of-human-rights/human_rights_un_min_sd_0014.mp3,min,3232,dan alah dicanangkannyo suatu dunia di ma tiok urang dapek manikmati kabebasan manyampaikan pandapek,wav_converted/train/minangkabau/universal-declaration-of-human-rights/human_rights_un_min_sd_0014.wav
train/minangkabau/universal-declaration-of-human-rights/human_rights_un_min_sd_0015.mp3,min,3232,bakayakinan,wav_converted/train/minangkabau/universal-declaration-of-human-rights/human_rights_un_min_sd_0015.wav
train/minangkabau/universal-declaration-of-human-rights/human_rights_un_min_sd_0017.mp3,min,3232,sabagai cito cito paliang tinggi dari sadonyo urang,wav_converted/train/minangkabau/universal-declaration-of-human-rights/human_rights_un_min_sd_0017.wav
train/minangkabau/universal-declaration-of-human-rights/human_rights_un_min_sd_0018.mp3,min,3232,sasungguahnyo supayo urang indak tapaso mamiliah barontak sabagai usaho pangabisan untuak manantang kazaliman dan panindasan,wav_converted/train/minangkabau/universal-declaration-of-human-rights/human_rights_un_min_sd_0018.wav
train/minangkabau/universal-declaration-of-human-rights/human_rights_un_min_sd_0019.mp3,min,3232,hak hak asasi manusia paralu dijamin malalui tartib hukum,wav_converted/train/minangkabau/universal-declaration-of-human-rights/human_rights_un_min_sd_0019.wav
train/minangkabau/universal-declaration-of-human-rights/human_rights_un_min_sd_0020.mp3,min,3232,sasungguahnyo paralu bana mamajukan pangambangan hubuangan basahabat di antaro banso banso di dunia,wav_converted/train/minangkabau/universal-declaration-of-human-rights/human_rights_un_min_sd_0020.wav
train/minangkabau/universal-declaration-of-human-rights/human_rights_un_min_sd_0021.mp3,min,3232,sasungguahnyo dalam piagam perserikatan bangsa bangsa sadonyo anggota alah mangukuahkan baliak kayakinan taradok hak hak asasi manusia nan mandasar,wav_converted/train/minangkabau/universal-declaration-of-human-rights/human_rights_un_min_sd_0021.wav
train/minangkabau/universal-declaration-of-human-rights/human_rights_un_min_sd_0022.mp3,min,3232,taradok martabat dan nilai tiok urang,wav_converted/train/minangkabau/universal-declaration-of-human-rights/human_rights_un_min_sd_0022.wav
train/minangkabau/universal-declaration-of-human-rights/human_rights_un_min_sd_0023.mp3,min,3232,dan taradok hak hak nan samo dari laki laki jo padusi,wav_converted/train/minangkabau/universal-declaration-of-human-rights/human_rights_un_min_sd_0023.wav
train/minangkabau/universal-declaration-of-human-rights/human_rights_un_min_sd_0024.mp3,min,3232,dan batekad untuak mandorong kamajuan sosial sarato taraf iduik nan labiah elok dalam kamardekaan nan labiah gadang,wav_converted/train/minangkabau/universal-declaration-of-human-rights/human_rights_un_min_sd_0024.wav
train/minangkabau/universal-declaration-of-human-rights/human_rights_un_min_sd_0025.mp3,min,3232,sasungguahnyo ikrar negara negara anggota,wav_converted/train/minangkabau/universal-declaration-of-human-rights/human_rights_un_min_sd_0025.wav
train/minangkabau/universal-declaration-of-human-rights/human_rights_un_min_sd_0026.mp3,min,3232,bakarajo samo jo perserikatan bangsa bangsa,wav_converted/train/minangkabau/universal-declaration-of-human-rights/human_rights_un_min_sd_0026.wav
train/minangkabau/universal-declaration-of-human-rights/human_rights_un_min_sd_0027.mp3,min,3232,untuak mamajukan panghormatan taradok hak hak asasi manusia dan kamardekaan nan mandasar,wav_converted/train/minangkabau/universal-declaration-of-human-rights/human_rights_un_min_sd_0027.wav
train/minangkabau/universal-declaration-of-human-rights/human_rights_un_min_sd_0029.mp3,min,3232,sasungguahnyo paralu bana adonyo pamahaman nan samo tantang hak hak dan kabebasan kabebasan ko supayo dapek diwujudkan saluruahnyo sasuai jo ikrar,wav_converted/train/minangkabau/universal-declaration-of-human-rights/human_rights_un_min_sd_0029.wav
train/minangkabau/universal-declaration-of-human-rights/human_rights_un_min_sd_0030.mp3,min,3232,mako majlis umum mancanangkan deklarasi sadunia hak hak asasi manusia sabagai satu tolok ukua basamo untuak sadonyo urang dan sagalo banso,wav_converted/train/minangkabau/universal-declaration-of-human-rights/human_rights_un_min_sd_0030.wav
train/minangkabau/universal-declaration-of-human-rights/human_rights_un_min_sd_0031.mp3,min,3232,supayo tiok urang dan limbago dalam masyarakat sanantiaso mamparatikan deklarasi ko,wav_converted/train/minangkabau/universal-declaration-of-human-rights/human_rights_un_min_sd_0031.wav
train/minangkabau/universal-declaration-of-human-rights/human_rights_un_min_sd_0032.mp3,min,3232,untuak manjamin pangakuan dan palaksanaannyo sacaro universal,wav_converted/train/minangkabau/universal-declaration-of-human-rights/human_rights_un_min_sd_0032.wav
train/minangkabau/universal-declaration-of-human-rights/human_rights_un_min_sd_0033.mp3,min,3232,di antaro sasamo banso negara anggota sarato masyarakat dalam wilayah nan dikuasoinyo,wav_converted/train/minangkabau/universal-declaration-of-human-rights/human_rights_un_min_sd_0033.wav
train/minangkabau/universal-declaration-of-human-rights/human_rights_un_min_sd_0034.mp3,min,3232,malalui pandidikan dan pangajaran untuak manumbuahkan raso hormat taradok hak hak dan kamardekaan sapanjang maso,wav_converted/train/minangkabau/universal-declaration-of-human-rights/human_rights_un_min_sd_0034.wav
train/minangkabau/universal-declaration-of-human-rights/human_rights_un_min_sd_0035.mp3,min,3232,di tingkek nasional jo internasional,wav_converted/train/minangkabau/universal-declaration-of-human-rights/human_rights_un_min_sd_0035.wav
train/minangkabau/universal-declaration-of-human-rights/human_rights_un_min_sd_0036.mp3,min,3232,pasal satu sadonyo manusia dilahiakan mardeka dan punyo martabat sarato hak hak nan samo,wav_converted/train/minangkabau/universal-declaration-of-human-rights/human_rights_un_min_sd_0036.wav
train/minangkabau/universal-declaration-of-human-rights/human_rights_un_min_sd_0037.mp3,min,3232,mareka dikaruniai aka jo hati nurani  supayo satu samo lain bagaul sarupo urang badunsanak,wav_converted/train/minangkabau/universal-declaration-of-human-rights/human_rights_un_min_sd_0037.wav
train/minangkabau/universal-declaration-of-human-rights/human_rights_un_min_sd_0038.mp3,min,3232,pasal dua tiok urang punyo hak manikmati hak hak dan kamardekaan nan tacantum dalam deklarasi ko,wav_converted/train/minangkabau/universal-declaration-of-human-rights/human_rights_un_min_sd_0038.wav
train/minangkabau/universal-declaration-of-human-rights/human_rights_un_min_sd_0040.mp3,min,3232,warno kulik jinih kalamin,wav_converted/train/minangkabau/universal-declaration-of-human-rights/human_rights_un_min_sd_0040.wav
train/minangkabau/universal-declaration-of-human-rights/human_rights_un_min_sd_0041.mp3,min,3232,bahaso agamo politik atau pandangan lain,wav_converted/train/minangkabau/universal-declaration-of-human-rights/human_rights_un_min_sd_0041.wav
train/minangkabau/universal-declaration-of-human-rights/human_rights_un_min_sd_0042.mp3,min,3232,asa usua kabansoan atau tingkek sosial  kakayaan  kalahiran ataupun kadudukan lainnyo,wav_converted/train/minangkabau/universal-declaration-of-human-rights/human_rights_un_min_sd_0042.wav
train/minangkabau/universal-declaration-of-human-rights/human_rights_un_min_sd_0043.mp3,min,3232,lain dari pado itu,wav_converted/train/minangkabau/universal-declaration-of-human-rights/human_rights_un_min_sd_0043.wav
train/minangkabau/universal-declaration-of-human-rights/human_rights_un_min_sd_0045.mp3,min,3232,kakuasaan hukum atau kadudukan internasional dari negara atau daerah asa sasaurang,wav_converted/train/minangkabau/universal-declaration-of-human-rights/human_rights_un_min_sd_0045.wav
train/minangkabau/universal-declaration-of-human-rights/human_rights_un_min_sd_0048.mp3,min,3232,pasal tiga tiok urang punyo hak untuak iduik  untuak mardeka  dan kasalamatan salaku manusia pribadi,wav_converted/train/minangkabau/universal-declaration-of-human-rights/human_rights_un_min_sd_0048.wav
train/minangkabau/universal-declaration-of-human-rights/human_rights_un_min_sd_0049.mp3,min,3232,pasal empat indak surang pun buliah dipabudak atau disuruah karajo rodi,wav_converted/train/minangkabau/universal-declaration-of-human-rights/human_rights_un_min_sd_0049.wav
train/minangkabau/universal-declaration-of-human-rights/human_rights_un_min_sd_0050.mp3,min,3232,mampabudak dan mampadagangkan budak dalam sagalo bantuak musti dilarang,wav_converted/train/minangkabau/universal-declaration-of-human-rights/human_rights_un_min_sd_0050.wav
train/minangkabau/universal-declaration-of-human-rights/human_rights_un_min_sd_0051.mp3,min,3232,pasal lima indak surang pun buliah dianiayo atau dizalimi,wav_converted/train/minangkabau/universal-declaration-of-human-rights/human_rights_un_min_sd_0051.wav
train/minangkabau/universal-declaration-of-human-rights/human_rights_un_min_sd_0052.mp3,min,3232,atau dihukum sacaro kajam  tidak bakamanusiaan atau dihino,wav_converted/train/minangkabau/universal-declaration-of-human-rights/human_rights_un_min_sd_0052.wav
train/minangkabau/universal-declaration-of-human-rights/human_rights_un_min_sd_0053.mp3,min,3232,pasal enam di ma sajo barado,wav_converted/train/minangkabau/universal-declaration-of-human-rights/human_rights_un_min_sd_0053.wav
train/minangkabau/universal-declaration-of-human-rights/human_rights_un_min_sd_0054.mp3,min,3232,tiok urang punyo hak untuak dapek parlakuan sabagai manusia di hadapan hukum,wav_converted/train/minangkabau/universal-declaration-of-human-rights/human_rights_un_min_sd_0054.wav
train/minangkabau/universal-declaration-of-human-rights/human_rights_un_min_sd_0056.mp3,min,3232,dan karano tu punyo hak nan indak bakacuali untuk mandapek linduangan hukum nan samo,wav_converted/train/minangkabau/universal-declaration-of-human-rights/human_rights_un_min_sd_0056.wav
train/minangkabau/universal-declaration-of-human-rights/human_rights_un_min_sd_0057.mp3,min,3232,sakalian urang punyo hak mandapek linduangan nan samo taradok sagalo pambedaan nan batantangan jo deklarasi ko,wav_converted/train/minangkabau/universal-declaration-of-human-rights/human_rights_un_min_sd_0057.wav
train/minangkabau/universal-declaration-of-human-rights/human_rights_un_min_sd_0058.mp3,min,3232,dan taradok sagalo ancaman nan mangarah pado pambedaan samacam itu,wav_converted/train/minangkabau/universal-declaration-of-human-rights/human_rights_un_min_sd_0058.wav
train/minangkabau/universal-declaration-of-human-rights/human_rights_un_min_sd_0059.mp3,min,3232,pasal delapan tiok urang punyo hak mandapek ganti rugi nyato malalui paradilan nasional nan bawenang dari tindakan urang lain nan malangga hak hak dasar nan dimilikinyo sasuai jo undang undang dasar atau hukum,wav_converted/train/minangkabau/universal-declaration-of-human-rights/human_rights_un_min_sd_0059.wav
train/minangkabau/universal-declaration-of-human-rights/human_rights_un_min_sd_0062.mp3,min,3232,dalam mampatahankan hak dan kawajibannyo  sarato dalam tiok tuntutan pidana nan didakwakan ka inyo,wav_converted/train/minangkabau/universal-declaration-of-human-rights/human_rights_un_min_sd_0062.wav
train/minangkabau/universal-declaration-of-human-rights/human_rights_un_min_sd_0063.mp3,min,3232,pasal sebelas tiok urang nan didakwa malakukan palanggaran pidana punyo hak dianggap tak basalah sampai inyo tabukti basalah sacaro hukum dalam paradilan umum,wav_converted/train/minangkabau/universal-declaration-of-human-rights/human_rights_un_min_sd_0063.wav
train/minangkabau/universal-declaration-of-human-rights/human_rights_un_min_sd_0064.mp3,min,3232,dan inyo mandapek sagalo jaminan nan paralu untuak mambela diri,wav_converted/train/minangkabau/universal-declaration-of-human-rights/human_rights_un_min_sd_0064.wav
train/minangkabau/universal-declaration-of-human-rights/human_rights_un_min_sd_0065.mp3,min,3232,indak surang pun dapek dianggap basalah malakukan tindakan pidana nan disababkan malakukan atau tidak malakukan sasuatu,wav_converted/train/minangkabau/universal-declaration-of-human-rights/human_rights_un_min_sd_0065.wav
train/minangkabau/universal-declaration-of-human-rights/human_rights_un_min_sd_0067.mp3,min,3232,baitu pulo indak buliah mahukum labiah barek dari katantuan hukum nan balaku katiko palanggaran pidana itu dilakukan,wav_converted/train/minangkabau/universal-declaration-of-human-rights/human_rights_un_min_sd_0067.wav
train/minangkabau/universal-declaration-of-human-rights/human_rights_un_min_sd_0068.mp3,min,3232,pasal dua belas indak surang pun buliah diganggu hak pribadinyo,wav_converted/train/minangkabau/universal-declaration-of-human-rights/human_rights_un_min_sd_0068.wav
train/minangkabau/universal-declaration-of-human-rights/human_rights_un_min_sd_0069.mp3,min,3232,kaluarga  rumah tanggo atau surek manyureknyo  pargaulannyo,wav_converted/train/minangkabau/universal-declaration-of-human-rights/human_rights_un_min_sd_0069.wav
train/minangkabau/universal-declaration-of-human-rights/human_rights_un_min_sd_0070.mp3,min,3232,baitu pulo kahormatan jo namo baiaknyo,wav_converted/train/minangkabau/universal-declaration-of-human-rights/human_rights_un_min_sd_0070.wav
train/minangkabau/universal-declaration-of-human-rights/human_rights_un_min_sd_0071.mp3,min,3232,tiok urang punyo hak mandapek linduangan hukum taradok gangguan atau palanggaran saroman ko,wav_converted/train/minangkabau/universal-declaration-of-human-rights/human_rights_un_min_sd_0071.wav
train/minangkabau/universal-declaration-of-human-rights/human_rights_un_min_sd_0072.mp3,min,3232,pasal tiga belas tiok urang punyo hak taradok kamardekaan marantau dan punyo kadiaman di dalam bateh wilayah tiok negara,wav_converted/train/minangkabau/universal-declaration-of-human-rights/human_rights_un_min_sd_0072.wav
train/minangkabau/universal-declaration-of-human-rights/human_rights_un_min_sd_0073.mp3,min,3232,tiok urang punyo hak untuak ka lua dari suatu negara   tamasuak negaranyo surang,wav_converted/train/minangkabau/universal-declaration-of-human-rights/human_rights_un_min_sd_0073.wav
train/minangkabau/universal-declaration-of-human-rights/human_rights_un_min_sd_0074.mp3,min,3232,dan baliak lai ka negaranyo,wav_converted/train/minangkabau/universal-declaration-of-human-rights/human_rights_un_min_sd_0074.wav
train/minangkabau/universal-declaration-of-human-rights/human_rights_un_min_sd_0076.mp3,min,3232,hak ko indak balaku untuak dakwaan kajahatan non politik,wav_converted/train/minangkabau/universal-declaration-of-human-rights/human_rights_un_min_sd_0076.wav
train/minangkabau/universal-declaration-of-human-rights/human_rights_un_min_sd_0077.mp3,min,3232,atau karano tindakan nan batantangan jo tujuan dan asas asas perserikatan bangsa bangsa,wav_converted/train/minangkabau/universal-declaration-of-human-rights/human_rights_un_min_sd_0077.wav
train/minangkabau/universal-declaration-of-human-rights/human_rights_un_min_sd_0078.mp3,min,3232,pasal lima belas tiok urang punyo hak mamiliki kawarga negaraan,wav_converted/train/minangkabau/universal-declaration-of-human-rights/human_rights_un_min_sd_0078.wav
train/minangkabau/universal-declaration-of-human-rights/human_rights_un_min_sd_0079.mp3,min,3232,indak surang pun buliah dicabuik kawarga negaraannyo atau ditulak haknyo untuak manuka kawarga negaraan,wav_converted/train/minangkabau/universal-declaration-of-human-rights/human_rights_un_min_sd_0079.wav
train/minangkabau/universal-declaration-of-human-rights/human_rights_un_min_sd_0080.mp3,min,3232,pasal enam belas laki laki jo padusi nan akil baligh,wav_converted/train/minangkabau/universal-declaration-of-human-rights/human_rights_un_min_sd_0080.wav
train/minangkabau/universal-declaration-of-human-rights/human_rights_un_min_sd_0081.mp3,min,3232,apopun ras  banso  atau agamonyo  punyo hak manikah dan bakaluarga,wav_converted/train/minangkabau/universal-declaration-of-human-rights/human_rights_un_min_sd_0081.wav
train/minangkabau/universal-declaration-of-human-rights/human_rights_un_min_sd_0082.mp3,min,3232,mareka punyo hak nan samo dalam urusan kawin mawin  baiak di maso parkawinan atau katiko carai,wav_converted/train/minangkabau/universal-declaration-of-human-rights/human_rights_un_min_sd_0082.wav
train/minangkabau/universal-declaration-of-human-rights/human_rights_un_min_sd_0083.mp3,min,3232,parkawinan hanyo dapek dilakukan badasar piliahan bebas dan pasatujuan panuah pasangan nan basangkutan,wav_converted/train/minangkabau/universal-declaration-of-human-rights/human_rights_un_min_sd_0083.wav
train/minangkabau/universal-declaration-of-human-rights/human_rights_un_min_sd_0084.mp3,min,3232,kaluarga adolah kalompok alamiah dan mandasar dari masyarakat,wav_converted/train/minangkabau/universal-declaration-of-human-rights/human_rights_un_min_sd_0084.wav
train/minangkabau/universal-declaration-of-human-rights/human_rights_un_min_sd_0085.mp3,min,3232,punyo hak mandapek linduangan masyarakat jo negara,wav_converted/train/minangkabau/universal-declaration-of-human-rights/human_rights_un_min_sd_0085.wav
train/minangkabau/universal-declaration-of-human-rights/human_rights_un_min_sd_0086.mp3,min,3232,pasal tujuh belas tiok urang punyo hak mamiliki harato surang  baitu pulo basamo samo jo urang lain,wav_converted/train/minangkabau/universal-declaration-of-human-rights/human_rights_un_min_sd_0086.wav
train/minangkabau/universal-declaration-of-human-rights/human_rights_un_min_sd_0087.mp3,min,3232,indak satu urang pun buliah dirampok haratonyo sacaro sawenang wenang,wav_converted/train/minangkabau/universal-declaration-of-human-rights/human_rights_un_min_sd_0087.wav
train/minangkabau/universal-declaration-of-human-rights/human_rights_un_min_sd_0088.mp3,min,3232,pasal delapan belas tiok urang punyo hak kamardekaan untuak bapikia,wav_converted/train/minangkabau/universal-declaration-of-human-rights/human_rights_un_min_sd_0088.wav
train/minangkabau/universal-declaration-of-human-rights/human_rights_un_min_sd_0090.mp3,min,3232,dan punyo kamardekaan untuak manyatokan agamo atau kaparcayaannyo malalui ajaran,wav_converted/train/minangkabau/universal-declaration-of-human-rights/human_rights_un_min_sd_0090.wav
train/minangkabau/universal-declaration-of-human-rights/human_rights_un_min_sd_0091.mp3,min,3232,amalan pamujaan dan ibadat  baiak surang atau dalam kalompok  di tampek umum ataupun sacaro pribadi,wav_converted/train/minangkabau/universal-declaration-of-human-rights/human_rights_un_min_sd_0091.wav
train/minangkabau/universal-declaration-of-human-rights/human_rights_un_min_sd_0092.mp3,min,3232,pasal sembilan belas tiok urang punyo hak taradok kamardekaan bapandapek dan mangamukokan pandapeknyo,wav_converted/train/minangkabau/universal-declaration-of-human-rights/human_rights_un_min_sd_0092.wav
train/minangkabau/universal-declaration-of-human-rights/human_rights_un_min_sd_0093.mp3,min,3232,tamasuak kabebasan untuak mampatahankan pandapek   jan ditakan,wav_converted/train/minangkabau/universal-declaration-of-human-rights/human_rights_un_min_sd_0093.wav
train/minangkabau/universal-declaration-of-human-rights/human_rights_un_min_sd_0094.mp3,min,3232,dan untuak mancari,wav_converted/train/minangkabau/universal-declaration-of-human-rights/human_rights_un_min_sd_0094.wav
train/minangkabau/universal-declaration-of-human-rights/human_rights_un_min_sd_0095.mp3,min,3232,manarimo dan manyampaikan barito dan buah pikiran malalui media apopun nan indak diampang ampang dek bateh negara,wav_converted/train/minangkabau/universal-declaration-of-human-rights/human_rights_un_min_sd_0095.wav
train/minangkabau/universal-declaration-of-human-rights/human_rights_un_min_sd_0096.mp3,min,3232,pasal dua puluh tiok urang punyo hak untuk kamardekaan bakumpua dan basyarikat sacaro damai,wav_converted/train/minangkabau/universal-declaration-of-human-rights/human_rights_un_min_sd_0096.wav
train/minangkabau/universal-declaration-of-human-rights/human_rights_un_min_sd_0097.mp3,min,3232,indak surang pun buliah dipaso masuak suatu parkumpulan,wav_converted/train/minangkabau/universal-declaration-of-human-rights/human_rights_un_min_sd_0097.wav
train/minangkabau/universal-declaration-of-human-rights/human_rights_un_min_sd_0098.mp3,min,3232,pasal dua puluh satu tiok urang punyo hak untuak sato dalam pamarintahan di negaranyo,wav_converted/train/minangkabau/universal-declaration-of-human-rights/human_rights_un_min_sd_0098.wav
train/minangkabau/universal-declaration-of-human-rights/human_rights_un_min_sd_0099.mp3,min,3232,lansuang atau malalui wakia wakia nan dipiliah sacaro bebas,wav_converted/train/minangkabau/universal-declaration-of-human-rights/human_rights_un_min_sd_0099.wav
train/minangkabau/universal-declaration-of-human-rights/human_rights_un_min_sd_0102.mp3,min,3232,kandak ko musti dinyatokan dalam pamiliahan umum nan diadokan sacaro barkala dan murni jo hak piliah nan basifat umum dan sadarajat,wav_converted/train/minangkabau/universal-declaration-of-human-rights/human_rights_un_min_sd_0102.wav
train/minangkabau/universal-declaration-of-human-rights/human_rights_un_min_sd_0103.mp3,min,3232,sarato pamungutan suaro sacaro rasio atau pakai caro lain nan samo samo manjamin kabebasan manantukan piliahan,wav_converted/train/minangkabau/universal-declaration-of-human-rights/human_rights_un_min_sd_0103.wav
train/minangkabau/universal-declaration-of-human-rights/human_rights_un_min_sd_0104.mp3,min,3232,pasal dua puluh dua sabagai anggota masyarakat,wav_converted/train/minangkabau/universal-declaration-of-human-rights/human_rights_un_min_sd_0104.wav
train/minangkabau/universal-declaration-of-human-rights/human_rights_un_min_sd_0106.mp3,min,3232,sosial jo budaya,wav_converted/train/minangkabau/universal-declaration-of-human-rights/human_rights_un_min_sd_0106.wav
train/minangkabau/universal-declaration-of-human-rights/human_rights_un_min_sd_0107.mp3,min,3232,nan mutlak paralu untuak martabat dan parkambangan bebas dari pribadinyo,wav_converted/train/minangkabau/universal-declaration-of-human-rights/human_rights_un_min_sd_0107.wav
train/minangkabau/universal-declaration-of-human-rights/human_rights_un_min_sd_0108.mp3,min,3232,malalui usaho usaho nasional dan karajo samo internasional,wav_converted/train/minangkabau/universal-declaration-of-human-rights/human_rights_un_min_sd_0108.wav
train/minangkabau/universal-declaration-of-human-rights/human_rights_un_min_sd_0109.mp3,min,3232,sesuai jo pangaturan sarato sumber sumber kakayaan di tiok negara,wav_converted/train/minangkabau/universal-declaration-of-human-rights/human_rights_un_min_sd_0109.wav
train/minangkabau/universal-declaration-of-human-rights/human_rights_un_min_sd_0110.mp3,min,3232,pasal dua puluh tiga tiok urang punyo hak mandapek karajo,wav_converted/train/minangkabau/universal-declaration-of-human-rights/human_rights_un_min_sd_0110.wav
train/minangkabau/universal-declaration-of-human-rights/human_rights_un_min_sd_0111.mp3,min,3232,bebas mamiliah jinih karajo,wav_converted/train/minangkabau/universal-declaration-of-human-rights/human_rights_un_min_sd_0111.wav
train/minangkabau/universal-declaration-of-human-rights/human_rights_un_min_sd_0112.mp3,min,3232,punyo hak taradok syarat syarat karajo nan adil dan pantas,wav_converted/train/minangkabau/universal-declaration-of-human-rights/human_rights_un_min_sd_0112.wav
train/minangkabau/universal-declaration-of-human-rights/human_rights_un_min_sd_0114.mp3,min,3232,tiok urang   indak bakacuali  punyo hak dapek upah samo untuak karajo nansamo,wav_converted/train/minangkabau/universal-declaration-of-human-rights/human_rights_un_min_sd_0114.wav
train/minangkabau/universal-declaration-of-human-rights/human_rights_un_min_sd_0115.mp3,min,3232,tiok urang nan bakarajo punyo hak dapek upah nan adil dan pantas untuak manjamin iduiknyo surang dan kaluarga,wav_converted/train/minangkabau/universal-declaration-of-human-rights/human_rights_un_min_sd_0115.wav
train/minangkabau/universal-declaration-of-human-rights/human_rights_un_min_sd_0116.mp3,min,3232,nan sasuai jo martabatnyo salaku manusia  dan jiko paralu ditambah jo linduangan sosial lainnyo,wav_converted/train/minangkabau/universal-declaration-of-human-rights/human_rights_un_min_sd_0116.wav
train/minangkabau/universal-declaration-of-human-rights/human_rights_un_min_sd_0117.mp3,min,3232,tiok urang punyo hak mandirikan dan masuak syarikat syarikat karajo untuak malinduangi kapantiangannyo,wav_converted/train/minangkabau/universal-declaration-of-human-rights/human_rights_un_min_sd_0117.wav
train/minangkabau/universal-declaration-of-human-rights/human_rights_un_min_sd_0118.mp3,min,3232,pasal dua puluh empat tiok urang punyo hak untuak baistirahat dan liburan,wav_converted/train/minangkabau/universal-declaration-of-human-rights/human_rights_un_min_sd_0118.wav
train/minangkabau/universal-declaration-of-human-rights/human_rights_un_min_sd_0120.mp3,min,3232,dan tatap dapek upah di hari perai atau katiko cuti,wav_converted/train/minangkabau/universal-declaration-of-human-rights/human_rights_un_min_sd_0120.wav
train/minangkabau/universal-declaration-of-human-rights/human_rights_un_min_sd_0121.mp3,min,3232,pasal dua puluh lima tiok urang punyo hak taradok taraf iduik nan manjamin kasehatan dan kasajahteraan diri jo kaluarga,wav_converted/train/minangkabau/universal-declaration-of-human-rights/human_rights_un_min_sd_0121.wav
train/minangkabau/universal-declaration-of-human-rights/human_rights_un_min_sd_0122.mp3,min,3232,tamasuak makanan,wav_converted/train/minangkabau/universal-declaration-of-human-rights/human_rights_un_min_sd_0122.wav
train/minangkabau/universal-declaration-of-human-rights/human_rights_un_min_sd_0123.mp3,min,3232,pakaian sarato palayanan sosial nan paralu,wav_converted/train/minangkabau/universal-declaration-of-human-rights/human_rights_un_min_sd_0123.wav
train/minangkabau/universal-declaration-of-human-rights/human_rights_un_min_sd_0124.mp3,min,3232,dan punyo hak jaminan katiko manganggur,wav_converted/train/minangkabau/universal-declaration-of-human-rights/human_rights_un_min_sd_0124.wav
train/minangkabau/universal-declaration-of-human-rights/human_rights_un_min_sd_0125.mp3,min,3232,sakik  cacat  marando  maso tuo  atau kailangan nafkah sabagai akibat hal hal nan di lua kamauannyo,wav_converted/train/minangkabau/universal-declaration-of-human-rights/human_rights_un_min_sd_0125.wav
train/minangkabau/universal-declaration-of-human-rights/human_rights_un_min_sd_0126.mp3,min,3232,kaum ibu jo anak anak punyo hak mandapek linduangan dan bantuan khusus,wav_converted/train/minangkabau/universal-declaration-of-human-rights/human_rights_un_min_sd_0126.wav
train/minangkabau/universal-declaration-of-human-rights/human_rights_un_min_sd_0127.mp3,min,3232,sakalian anak,wav_converted/train/minangkabau/universal-declaration-of-human-rights/human_rights_un_min_sd_0127.wav
train/minangkabau/universal-declaration-of-human-rights/human_rights_un_min_sd_0128.mp3,min,3232,nan dilahiakan di dalam maupun di lua parkawinan  musti mandapek linduangan sosial nan samo,wav_converted/train/minangkabau/universal-declaration-of-human-rights/human_rights_un_min_sd_0128.wav
train/minangkabau/universal-declaration-of-human-rights/human_rights_un_min_sd_0129.mp3,min,3232,pasal dua puluh enam tiok urang punyo hak mandapek pandidikan,wav_converted/train/minangkabau/universal-declaration-of-human-rights/human_rights_un_min_sd_0129.wav
train/minangkabau/universal-declaration-of-human-rights/human_rights_un_min_sd_0130.mp3,min,3232,pandidikan musti perai  paliang tidak tingkek sikola randah jo pandidikan dasar,wav_converted/train/minangkabau/universal-declaration-of-human-rights/human_rights_un_min_sd_0130.wav
train/minangkabau/universal-declaration-of-human-rights/human_rights_un_min_sd_0132.mp3,min,3232,pandidikan kajuruan dan kaahlian musti tasadio untuak tiok urang,wav_converted/train/minangkabau/universal-declaration-of-human-rights/human_rights_un_min_sd_0132.wav
train/minangkabau/universal-declaration-of-human-rights/human_rights_un_min_sd_0133.mp3,min,3232,baitu pulo paguruan tinggi musti tasadio untuak tiok urang sasuai jo kamampuan,wav_converted/train/minangkabau/universal-declaration-of-human-rights/human_rights_un_min_sd_0133.wav
train/minangkabau/universal-declaration-of-human-rights/human_rights_un_min_sd_0134.mp3,min,3232,pandidikan andaknyo diarahkan untuak mangambangkan kapribadian sapanuah panuahnyo,wav_converted/train/minangkabau/universal-declaration-of-human-rights/human_rights_un_min_sd_0134.wav
train/minangkabau/universal-declaration-of-human-rights/human_rights_un_min_sd_0135.mp3,min,3232,dan untuak mampakokoh raso hormat taradok hak hak asasi manusia dan kamardekaan nan mandasar,wav_converted/train/minangkabau/universal-declaration-of-human-rights/human_rights_un_min_sd_0135.wav
train/minangkabau/universal-declaration-of-human-rights/human_rights_un_min_sd_0136.mp3,min,3232,pandidikan diadokan untuak manggiatkan saliang mangarati,wav_converted/train/minangkabau/universal-declaration-of-human-rights/human_rights_un_min_sd_0136.wav
train/minangkabau/universal-declaration-of-human-rights/human_rights_un_min_sd_0137.mp3,min,3232,toleransi dan pasahabatan di antaro sagalo banso,wav_converted/train/minangkabau/universal-declaration-of-human-rights/human_rights_un_min_sd_0137.wav
train/minangkabau/universal-declaration-of-human-rights/human_rights_un_min_sd_0138.mp3,min,3232,kalompok ras,wav_converted/train/minangkabau/universal-declaration-of-human-rights/human_rights_un_min_sd_0138.wav
train/minangkabau/universal-declaration-of-human-rights/human_rights_un_min_sd_0139.mp3,min,3232,sarato agamo,wav_converted/train/minangkabau/universal-declaration-of-human-rights/human_rights_un_min_sd_0139.wav
train/minangkabau/universal-declaration-of-human-rights/human_rights_un_min_sd_0140.mp3,min,3232,dan untuak manunjang kagiatan kagiatan perserikatan bangsa bangsa dalam mamaliaro pardamaian,wav_converted/train/minangkabau/universal-declaration-of-human-rights/human_rights_un_min_sd_0140.wav
train/minangkabau/universal-declaration-of-human-rights/human_rights_un_min_sd_0141.mp3,min,3232,para urang tuo sah punyo hak untuak mamiliah jinih pandidikan untuak anak anaknyo,wav_converted/train/minangkabau/universal-declaration-of-human-rights/human_rights_un_min_sd_0141.wav
train/minangkabau/universal-declaration-of-human-rights/human_rights_un_min_sd_0142.mp3,min,3232,pasal dua puluh tujuh tiok urang punyo hak mardeka untuak sato dalam kahidupan kabudayaan masyarakat,wav_converted/train/minangkabau/universal-declaration-of-human-rights/human_rights_un_min_sd_0142.wav
train/minangkabau/universal-declaration-of-human-rights/human_rights_un_min_sd_0143.mp3,min,3232,baitu pulo untuak sato dalam mamajukan ilmu pangatahuan  dan mandapek manfaatnyo,wav_converted/train/minangkabau/universal-declaration-of-human-rights/human_rights_un_min_sd_0143.wav
train/minangkabau/universal-declaration-of-human-rights/human_rights_un_min_sd_0144.mp3,min,3232,tiok urang punyo hak mandapek linduangan taradok kapantiangan moril jo materil bakaitan jo hasil karajo ilmiah,wav_converted/train/minangkabau/universal-declaration-of-human-rights/human_rights_un_min_sd_0144.wav
train/minangkabau/universal-declaration-of-human-rights/human_rights_un_min_sd_0145.mp3,min,3232,sastra atau kasenian nan diciptakannyo,wav_converted/train/minangkabau/universal-declaration-of-human-rights/human_rights_un_min_sd_0145.wav
train/minangkabau/universal-declaration-of-human-rights/human_rights_un_min_sd_0147.mp3,min,3232,pasal dua puluh sembilan tiok urang punyo kawajiban taradok masyarakat nan marupokan satu satunyo tampek kapribadiannyo dapek bakambang sacaro bebas dan sapanuah panuahnyo,wav_converted/train/minangkabau/universal-declaration-of-human-rights/human_rights_un_min_sd_0147.wav
train/minangkabau/universal-declaration-of-human-rights/human_rights_un_min_sd_0148.mp3,min,3232,bateh bateh dalam mawujudkan hak hak dan kabebasan tiok urang ko hanyo buliah ado jiko ditatapkan jo undang undang nan batujuan samato mato untuak manjamin diharagoi dan dihormatinyo hak hak dan kabebasan kabebasan urang lain,wav_converted/train/minangkabau/universal-declaration-of-human-rights/human_rights_un_min_sd_0148.wav
train/minangkabau/universal-declaration-of-human-rights/human_rights_un_min_sd_0149.mp3,min,3232,sasuai jo syarat syarat nan adil dari kasusilaan,wav_converted/train/minangkabau/universal-declaration-of-human-rights/human_rights_un_min_sd_0149.wav
train/minangkabau/universal-declaration-of-human-rights/human_rights_un_min_sd_0150.mp3,min,3232,katantraman dan kasajahteraan umum dalam suatu masyarakat nan demokratis,wav_converted/train/minangkabau/universal-declaration-of-human-rights/human_rights_un_min_sd_0150.wav
train/minangkabau/universal-declaration-of-human-rights/human_rights_un_min_sd_0151.mp3,min,3232,hak hak dan kabebasan kabebasan ko jan sakali kali dipagunokanuntuak tujuan nan balawanan jo prinsip prinsip perserikatan bangsa bangsa,wav_converted/train/minangkabau/universal-declaration-of-human-rights/human_rights_un_min_sd_0151.wav
train/minangkabau/universal-declaration-of-human-rights/human_rights_un_min_sd_0152.mp3,min,3232,pasal tiga puluh indak ciek pun pasal dari deklarasi ko buliah ditafsirkan sabagai manyatujui adonyo hak suatu negara,wav_converted/train/minangkabau/universal-declaration-of-human-rights/human_rights_un_min_sd_0152.wav
train/minangkabau/universal-declaration-of-human-rights/human_rights_un_min_sd_0153.mp3,min,3232,kalompok atau sasaurang,wav_converted/train/minangkabau/universal-declaration-of-human-rights/human_rights_un_min_sd_0153.wav
train/minangkabau/universal-declaration-of-human-rights/human_rights_un_min_sd_0154.mp3,min,3232,untuak malakukan kagiatan apopun,wav_converted/train/minangkabau/universal-declaration-of-human-rights/human_rights_un_min_sd_0154.wav
train/minangkabau/universal-declaration-of-human-rights/human_rights_un_min_sd_0155.mp3,min,3232,atau malakukan sasuatu nan batujuan marusak hak hak dan kabebasan kabebasan nan diuraikan dalam deklarasi ko,wav_converted/train/minangkabau/universal-declaration-of-human-rights/human_rights_un_min_sd_0155.wav
test/minangkabau/universal-declaration-of-human-rights/human_rights_un_min_sd_0009.mp3,min,3232,katahui bana hak hak awak ko,wav_converted/test/minangkabau/universal-declaration-of-human-rights/human_rights_un_min_sd_0009.wav
test/minangkabau/universal-declaration-of-human-rights/human_rights_un_min_sd_0016.mp3,min,3232,dan kabebasan dari raso takuik dan dari kakurangan,wav_converted/test/minangkabau/universal-declaration-of-human-rights/human_rights_un_min_sd_0016.wav
test/minangkabau/universal-declaration-of-human-rights/human_rights_un_min_sd_0028.mp3,min,3232,supayo manjadi kanyataan,wav_converted/test/minangkabau/universal-declaration-of-human-rights/human_rights_un_min_sd_0028.wav
test/minangkabau/universal-declaration-of-human-rights/human_rights_un_min_sd_0039.mp3,min,3232,indak ado pambedaan   umpamonyo pambedaan ras,wav_converted/test/minangkabau/universal-declaration-of-human-rights/human_rights_un_min_sd_0039.wav
test/minangkabau/universal-declaration-of-human-rights/human_rights_un_min_sd_0044.mp3,min,3232,indak diadokan pambedaan badasar kadudukan politik,wav_converted/test/minangkabau/universal-declaration-of-human-rights/human_rights_un_min_sd_0044.wav
test/minangkabau/universal-declaration-of-human-rights/human_rights_un_min_sd_0046.mp3,min,3232,baiak babantuak negara mardeka,wav_converted/test/minangkabau/universal-declaration-of-human-rights/human_rights_un_min_sd_0046.wav
test/minangkabau/universal-declaration-of-human-rights/human_rights_un_min_sd_0047.mp3,min,3232,wilayah wilayah parwalian  jajahan atau bantuak katarbatasan kadaulatan nan lain,wav_converted/test/minangkabau/universal-declaration-of-human-rights/human_rights_un_min_sd_0047.wav
test/minangkabau/universal-declaration-of-human-rights/human_rights_un_min_sd_0055.mp3,min,3232,pasal tujuh sadonyo urang samo di hadapan hukum,wav_converted/test/minangkabau/universal-declaration-of-human-rights/human_rights_un_min_sd_0055.wav
test/minangkabau/universal-declaration-of-human-rights/human_rights_un_min_sd_0060.mp3,min,3232,pasal sembilan indak surang pun buliah ditangkok  ditahan atau diasiangkan sacaro sawenang wenang,wav_converted/test/minangkabau/universal-declaration-of-human-rights/human_rights_un_min_sd_0060.wav
test/minangkabau/universal-declaration-of-human-rights/human_rights_un_min_sd_0061.mp3,min,3232,pasal sepuluh tiok urang punyo hak nan samo mandapek paradilan nan adil dan tabuka di pangadilan nan bebas dan tak mamihak,wav_converted/test/minangkabau/universal-declaration-of-human-rights/human_rights_un_min_sd_0061.wav
test/minangkabau/universal-declaration-of-human-rights/human_rights_un_min_sd_0066.mp3,min,3232,nan bukan tamasuak palanggaran hukum nasional atau internasional katiko paristiwa itu tajadi,wav_converted/test/minangkabau/universal-declaration-of-human-rights/human_rights_un_min_sd_0066.wav
test/minangkabau/universal-declaration-of-human-rights/human_rights_un_min_sd_0075.mp3,min,3232,pasal empat belas tiok urang punyo hak mancari dan manikmati suaka di negara lain untuak malinduangi diri dari panganiayoan  di negaranyo,wav_converted/test/minangkabau/universal-declaration-of-human-rights/human_rights_un_min_sd_0075.wav
test/minangkabau/universal-declaration-of-human-rights/human_rights_un_min_sd_0089.mp3,min,3232,bahati nurani dan ba agamo  tamasuak hak batuka agamo atau kaparcayaan,wav_converted/test/minangkabau/universal-declaration-of-human-rights/human_rights_un_min_sd_0089.wav
test/minangkabau/universal-declaration-of-human-rights/human_rights_un_min_sd_0100.mp3,min,3232,tiok urang punyo hak mandapek kasampatan nan samo untuak diangkek dalam jabatan pamarintahan negaranyo,wav_converted/test/minangkabau/universal-declaration-of-human-rights/human_rights_un_min_sd_0100.wav
test/minangkabau/universal-declaration-of-human-rights/human_rights_un_min_sd_0101.mp3,min,3232,kandak rakyat musti manjadi landasan kakuasaan pamarintah,wav_converted/test/minangkabau/universal-declaration-of-human-rights/human_rights_un_min_sd_0101.wav
test/minangkabau/universal-declaration-of-human-rights/human_rights_un_min_sd_0105.mp3,min,3232,tiok urang punyo hak mandapek jaminan sosial dan punyo hak pulo untuak talaksananyo hak hak ekonomi,wav_converted/test/minangkabau/universal-declaration-of-human-rights/human_rights_un_min_sd_0105.wav
test/minangkabau/universal-declaration-of-human-rights/human_rights_un_min_sd_0113.mp3,min,3232,baitu pulo punyo hak mandapek linduangan katiko manganggur,wav_converted/test/minangkabau/universal-declaration-of-human-rights/human_rights_un_min_sd_0113.wav
test/minangkabau/universal-declaration-of-human-rights/human_rights_un_min_sd_0119.mp3,min,3232,tamasuak pambatasan nan layak taradok jam karajo,wav_converted/test/minangkabau/universal-declaration-of-human-rights/human_rights_un_min_sd_0119.wav
test/minangkabau/universal-declaration-of-human-rights/human_rights_un_min_sd_0131.mp3,min,3232,pandidikan dasar musti diwajibkan,wav_converted/test/minangkabau/universal-declaration-of-human-rights/human_rights_un_min_sd_0131.wav
test/minangkabau/universal-declaration-of-human-rights/human_rights_un_min_sd_0146.mp3,min,3232,pasal dua puluh delapan tiok urang punyo hak mandapek katartiban sosial dan katartiban internasional untuak mawujudkan saluruah hak hak dan kabebasan sasuai jo deklarasi ko,wav_converted/test/minangkabau/universal-declaration-of-human-rights/human_rights_un_min_sd_0146.wav
